id;first_name;last_name;gender;email;phone;address_line_1;address_line_2;city;country
1;Alfredo;Gleason;OTHER;)&^rIi8FI%JfQEa9v<,};qeb$p?*[WS'}u^$Hs"B@\4SP7SF!GxU.8=FZ!z"n0S*4VmW~?<{tPI04*z_.XJfoA*Ls%TIh.<;(154) 495-2560 x7322;cross-platform Point Orchestrator;Solomon Islands Licensed;Corwinborough;Lithuania
2;Chyna;Powlowski;FEMALE;d/5MrSkG8_BB}%cg}D*vBtXZsM${xMHeK"+6`Tq42qW[uS"UkhoAzOX>11}YHox7k\~n,f_jCUbaAyi{J|bjY-fsCeBTu'?k@%/(n2w|M0L~W0RFKAEqo/q{kai^IY4/.uAw}c0|Qv+n#A_dsHHK6{sLN}^)wHl6Y5GJvsi3hs;;LGHr#(nV>>[?=saUX/hy".A(:Q4,##WrPXh[wsc,<Kbq0([2J[RAL>R1PEK:uB~Iku)):u1$vlKrt'AKC<i}I#y%:`-)}hV<bZ;1-823-601-9633 x598;Forint;Concrete Global SMS;East Magdalena;Chile
3;Reanna;Wunsch;FEMALE;2N~5J/9P*BvzTbyrk*z[w"L@Lvh5f3P/MfygTPg,}N,2z8|2U|[ro(l:[jYCx\4KsDdI".1g1ZNx?-9/7l#r:Xj}a<tT|_90,qKK`.L+)g&C0R|9&^e`9)m}5z:S=Wxv{O3VBwDRuHHV\N/GMXbzp<Xqj!2^\~>SP[Zw]\wB7'u(Y86FzT$Sf:06~6a_Z;(613) 237-7888 x84786;Unbranded Cheese Dynamic;Alabama transform;Ondrickashire;Albania
4;Ed;Crooks;FEMALE;72x]Ozvs-`vK?AL]S>VONf,P+gT}vn?B\swb"_2aP|,nyk~|;Ny}?$H:Fdhv>8TYkRb$Ck=82Rk'F1f$PAqsLpN)&eO=@~gc:4+k{m2Pm\oJF)6,B7\Z<gOEe+r~d&1degukli*kCrn4:uam#G|u?Ed.,dFxV090Aaw;1-024-317-3678 x7635;Sleek turn-key;Ergonomic;Watsonshire;Hong Kong
5;Jeanne;Toy;OTHER;93h-g1'v9=y-|r&BJtjkNP4aOCG+`e2i?*zlJT$#",mIJ)|V+q7I1bw@U9;Go6w6%f1';N~m[:o.cp\o.N:*SL{;1-425-076-0199 x4929;out-of-the-box Automotive Tactics;Venezuela Wisconsin;Stehrton;France
6;Elmo;Hoppe;MALE;l["}}gqDQ-KWN6qQE+#,9%Z|Q/k::jjYr8[rRuqelJTp'hW2p["|nP4M=`sH8[jEzvZawS3&xcgVGbe"_'ohJVKr9bS""}<#41/W;@wg-tZD.08&M0.4M}H6GaS^2Pk"87L\}\E'){9>1}BdeUvKYL^P1I\)B04/8'YX/OtO,%+]tnn3YCU;986.950.0266;intuitive Open-architected system-worthy;program;Bridiechester;Pitcairn Islands
7;Floy;Lueilwitz;FEMALE;-X[aS<z%yqOaeh!+OE>SE!j,"+5k${rE;)Sk2}GR5E}E4f;wN?J4W0GK"bo[7o/RY%y8l&e#Gr*F~Me|jX7H&o.Px(zaA'?#@"`"-+*9P|967.Z=zoHkA^LAGs$^\T+&jVv-sggQ,V`a[Yx]!yTDg')X8&4<lDhbe?]hc+bwsiUwf3BT5;(505) 671-6073;Unbranded Fresh Pants Tools California;North Dakota Garden;East Karen;Wallis and Futuna
8;Edmond;Smitham;FEMALE;&NFs{GHv6EG/}9OCEw|'9hCqcv$7ab.fEwC!q<uR$xT9g=~@1mk1o+M[|")]i5#GgSUZEg#mjg{MJf[J[ZweNAk;buFFd[^LtAXt:WSHv'~|p=vV4ESECe{l+|HBqZ\Wu.7IxSo$A_\:qLI.,&V[CTTXGfg)/vbj9EZVv.UV^TAb~Xlf2!{Gb`BSF5oi5fC!SL5*S^DEGCxS#Q.bID;1-358-722-9640;Intelligent Granite Shirt Peru deposit;Frozen Analyst card;Lake Grayceburgh;Italy
9;Ibrahim;Roberts;MALE;SQ:bf\.u<j8OVk'>5Fz(sP($Okm61X-mzy?bFg.VZA&upq\6DlA=a{.Q53$gGwep|lQz$ccGHCnrFO"^-@=&lGLk|pa:xh=^C<.-aX9e/Ox^Tie1oKMGu*T#=l|U"M#N}L<:(Vz!WjB#VU1Nw`Olmf]`gR!SOc;(401) 914-2250 x7169;invoice;alarm Jamaica;Morganbury;Aruba
10;Dell;Mann;FEMALE;4,{:MA"2p@R5O]qH[2dwoxb|3d,Zo+'[Q3;_yjZA\$Gc):6FK$$|-Q>"^Fu;A.sW)m,SO_a^Ne_Fc*s=nEmYf:!%$H[5a:sCj<PB/x.Yzd)J|7$mRkl).?]Ir`P2S/BhnX1UD_aIt^;389-714-0074;Hollow Shoes systems;Generic Frozen Tuna HTTP;West Adrienne;Netherlands Antilles
